name,price
[Bundle of 2] **Bausch + Lomb Renu Sensitive Multi-Purpose Solution 355mlx2 (2x121078505),MYR 55.00
[Bundle of 6] Glucerna Chocolate 800g (2x121107369),MYR 768.00
[Bundle of 6] Glucerna Triple Care Vanilla 800g (6x121088392),MYR 768.00
[Bundle of 6] Glucerna Wheat 800g (2x121109311),MYR 768.00
[Bundle of 2] Bausch + Lomb Renu Fresh Multi-Purpose Solution 355ml x 3 (2x121078472),MYR 78.00
[Bundle of 3] Anlene Total 10 800g (3x121116212),MYR 158.00
[Bundle of 6] Ensure Gold Wheat 800g (6x121101501),MYR 618.00
[Bundle of 6] Ensure Gold Vanilla 800g (6x121101500),MYR 618.00
Thomson Probigut Kombucha Berries Powder 2G X 30 Sachets,MYR 250.00
Anlene Actifit 3X 600G,MYR 21.50
Anmum Materna Choc 650G,MYR 42.40
Anmum Materna Plain 650G,MYR 42.40
Anmumlac Infant Formula Step 2 600G,MYR 70.60
Anmumlac Infant Formula Step 1 600G,MYR 76.90
Woods Pepperrmint Lozenges Sugar Free Lemon 12G,MYR 2.50
Ecolite Cny Bird'S Nest With White Fungus & Ginseng 70ml X 6'S,MYR 78.00
Dr Med Ventilated Lo With Side Cross Strap Waist Support Xl,MYR 116.90
Dr Med Ventilated Lo With Side Cross Strap Waist Support L,MYR 116.90
Dr Med Ventilated Lo With Side Cross Strap Waist Support M,MYR 116.90
Dr Med Ventilated Lo With Side Cross Strap Waist Support S,MYR 116.90
Dr Med Arm Sling Adult,MYR 27.50
Dr Med Posture Corrective Control Support Mild L,MYR 110.80
Kplass Knee Pain Relief Patch 2Sx12,MYR 238.80
Kplass Pain Relief Patch 2Sx12,MYR 202.80
Salonpas Fda Large Plaster 3S,MYR 17.82
Optimum Nutrition Think Bar Lemon Delight 60G X 10PK,MYR 129.00
Optimum Nutrition Think Bar Chocolate Fudge 60G X 10PK,MYR 129.00
Optimum Nutrition Serious Mass Choc 2.72Kg,MYR 209.00
Optimum Nutrition 100% Whey Gold Standard Choc 454G,MYR 119.00
Optimum Nutrition 100% Whey Gold Standard Choc 907G,MYR 189.00
Optimum Nutrition Creatine 300G,MYR 129.00
Cebion Immucombi Tablets 30S,MYR 63.80
Neurobion Value Pack 60Sx2,MYR 95.90
Solusolv Haemorrhoids Relief 40,MYR 51.00
Solusolv Haemorrhoids Relief 40Sx2,MYR 82.50
Clearogout 30Sx2 Free 15S,MYR 56.00
Sambucol Black Elderberry Original 120mlx2 Foc Gwp,MYR 114.21
Holistic Way Children'S Eye Lutein Gummy 90S,MYR 92.65
Holistic Way Children'S Omega 3 Gummy 90S,MYR 92.65
Holistic Way Children'S Calcium & D3 Gummy 90S,MYR 92.65
Holistic Way Children'S Vitamin C & Zinc Gummy 90S,MYR 92.65
Shooot 3In1 Condom 3Pcs,MYR 6.84
Shooot Ribbed Condom 3Pcs,MYR 5.76
Shooot Dotted Condom 3Pcs,MYR 5.76
Shooot Basic Condom 3Pcs,MYR 4.14
"Kinohimitsu Premium Abalone Gift Set (Abalone With Truffle 180G X 2'S, Abalone With Scallop 425G X 2’S, Bjow 425G X 1'S)",MYR 198.00
BRAND'S® CNY Essence of Chicken with Cordycep Gift Pack 12 x 70g + 1 x 70g,MYR 81.80
Nugevity Complete Plant-Based Protein 7 Sachets,MYR 103.92
Nugevity Complete Plant-Based Protein 681G,MYR 215.92
Vellgoood Flexi Goood Orange + Turmeric + Pomegranet 2G X 15 Sachets,MYR 76.50
Vellgoood Digex Goood Beverage Apple + Probiotic 2G X 15 Sachets,MYR 76.50
Vellgoood Screen-I-Shield Lutein + Zexanthin 2G X 15 Sachtes,MYR 76.50
Vellgoood Junior Optifriends Marigold + Vit A 2G X 15 Sachets,MYR 63.75
Vellgoood Junior Kold-Kare Vit C + Elderberry 20G X 15 Sachets,MYR 63.75
Vellgoood Junior Respiragoood Vit C + Tiger Mushroom 2G X 15 Sachets,MYR 63.75
Holistic Way Multi Vitamins Gummies 60S,MYR 92.65
Holistic Way Vitamin D3 400Iu Gummies 60S,MYR 92.65
Holistic Way Elderbery Immune Gummies 60S,MYR 92.65
Holistic Way Collagen Radiant Gummies 60S,MYR 109.00
Holistic Way Apple Cider Vinegar Gummies 60S,MYR 92.65
Dr. Scholl'S Pain Relief Orthotics For Knee Pain Men Sizes 8-14 2S,MYR 116.91
Vitahealth Livo Tonic 90S,MYR 112.42
Vitahealth Eye-Care 90S,MYR 126.75
"Vitahealth Omega 3,6,9 150S",MYR 110.92
Contour Plus Elite Blood Glucose Monitoring + 25 Strips,MYR 90.00
Waitemata Manuka Honey Umf 15+ 250G,MYR 203.15
Live-Well Mecomin 90S,MYR 54.75
Kinohimitsu Beauty Special Box Set 2,MYR 139.00
Biogreen O'Kid Cocoa Oatmilk 850G,MYR 69.90
Biogreen Pac37 Whole Dried Cranberries 170G,MYR 15.80
21St Century Turmeric 50S,MYR 30.12
21St Century Vegesamine 500Mg 120S,MYR 87.44
21St Century Kidchewy Dha Pastillies 45S,MYR 18.84
21St Century Vegesamine 500Mg 30S,MYR 26.36
21St Century Spirulina 1000Mg 120S,MYR 60.32
21St Century Fabuloss 5 60S,MYR 39.96
21St Century Herbal Lipo Tea Honey Lemon Flavour 24S,MYR 37.70
21St Century Herbal Lipo Tea Natural Flavour 24S,MYR 37.70
21St Century Co-Enzyme Q10 30Mg 30S,MYR 23.96
21St Century Cal Mag Zinc 120S,MYR 41.84
21St Century Maxi Cal 180S,MYR 43.00
21St Century Royal Propollen 30S,MYR 22.60
Benourish Superfood Rosy Glow 300G,MYR 28.71
YUE HON TONG Ba Xian Guo Chewable Candy,MYR 4.88
YUE HON TONG Kumquat Lemon Throat Drops,MYR 3.40
YUE HON TONG Kumquat Lemon Throat Drops,MYR 3.40
Brand's Essence of Chicken 70g x 30's (Assorted Packaging),MYR 140.00
Guardian Ovulation Test 5S (Cn),MYR 49.80
Guardian Ovulation Test 1S (Cn),MYR 13.90
Vicks Inhaler 0.5ml,MYR 6.50
Durex Fetherlite Condom 3's,MYR 13.40
Brand's Innershine Prune Essence 42ml x 6's,MYR 28.90
Hansaplast Universal Water Resistant 10's,MYR 2.16
Optrex Eye Lotion 110ml,MYR 21.90
Kwan Loong Medicated Oil 28ml,MYR 9.45
Tiger balm 10g,MYR 5.10
Esentiel Epsom Salts Granules Food Grade 375g,MYR 8.35
Bio-Life Saw Palmetto & Pumpkin Seed 100's x 2 + 30's,MYR 211.90
Kwan Loong Medicated Oil 15ml,MYR 5.85
Salonpas Patch Large 2s,MYR 5.58
Durex Extra Safe Condom 3's,MYR 13.40
Vicks VapoRub 25g,MYR 8.90
Flavettes 250mg Orange 60 Tablets,MYR 19.92
Champs C 100Mg Blackcurrant 100’Sx2,MYR 41.90
Hansaplast Extra Tough 16's,MYR 12.33
SCOTT'S Vitamin C Pastilles Peach 50S For Kids,MYR 18.90
Tiger Balm Plaster Warm 2s L,MYR 6.54
Kinohimitsu Collagen Diamond 50ml x 6's,MYR 50.12
Optrex Eye Drops 10ml,MYR 9.81
Hudsons Eumenthol Honey Lemon 50g,MYR 9.45
Kinohimitsu J'pan ProWhite Regimen (UV Bright 50ml x 16's + ProWhite 16's,MYR 169.00
Thomson Livrin 300mg 30's (Buy 1 Free 1 - On Pack),MYR 86.64
Brand's Innershine Prune Essence 42ml x 12's,MYR 49.44
Thomson Activated Ginkgo 40mg 30's (Buy 1 Free 1 on-pack),MYR 92.00
CareSens™ Glucose Test Strip 25's (Twin Pack),MYR 89.84
ALCON Systane Ultra Lubricant Eye Drops 5ml,MYR 17.10
Biogreen Raw Honey 1kg,MYR 44.50
BiO-LiFE MultiVitamins 100s x2,MYR 87.50
Yht Herbal Cough Syrup (Pei Pa Koa) Medium Bottle 150ml,MYR 9.90
Bausch + Lomb Renu Fresh Multi-Purpose Solution 355ml x 3,MYR 38.90
Tiger Balm White 30g,MYR 10.96
KY Jelly Lubricant 100g,MYR 18.10
Uphamol 500 18x10's,MYR 45.00
Bye-Bye Fever Children 6s + 2s,MYR 17.33
Durex Together 3s,MYR 7.80
NH Detoxlim Plus 60's,MYR 45.80
Counterpain 120g,MYR 24.75
UPHAMOL 500mg 2 x 10's,MYR 4.90
Flavettes 500mg Orange 60 Tablets,MYR 33.20
Kinohimitsu Snow Lotus Bird Nest 75ml x 6's (Assorted Packaging),MYR 42.90
Hansaplast Disney Frozen II 20's,MYR 8.01
Hansaplast Disney Princess 20's,MYR 8.01
Sterimar Microspray Nasal Hygiene 50ml,MYR 29.61
Hurix's 600 Flu Cough Syrup 100ml,MYR 18.80
Strepsils Honey-Lemon 6's,MYR 5.08
**Kinohimitsu D'tox Tea Peppermint 2gx60's,MYR 49.90
Tiger Balm Plaster Warm 2s S,MYR 4.42
Counterpain 60g,MYR 15.12
BiO-LiFE AB Junior Pre & Pro 50s,MYR 132.00
Hudson's Eumenthol Jujubes 50g Classic,MYR 9.45
Kinohimitsu J'pan D'tox Plum 6s + D'tox Tea Peppermint 14s,MYR 58.90
Royal Bird Nest With Collagen 75ml x 6s,MYR 36.00
Nixoderm Ointment 5.34g,MYR 8.50
Salonpas Patch 20 x10s,MYR 123.50
Hurix's Cream For Mouth Ulcer 5g,MYR 14.31
Nixoderm Ointment 17.7g,MYR 15.75
**Bausch + Lomb Renu Sensitive Multi-Purpose Solution 355mlx2,MYR 35.91
Durex Play 100ml,MYR 22.32
Tiger Balm Mosquito Repellent Patch 10s,MYR 15.21
Microlife Non-Contact Forehead Thermometer FR1DZ1,MYR 199.00
Dettol Personal Care Wipes Sensitive 10's Pack Of 3,MYR 10.80
Perskindol Classic Spray 150ml,MYR 25.91
Tiger balm 4g,MYR 2.55
Durex Love Condom 3's,MYR 7.80
Tiger Balm Plaster Cool 2s S,MYR 4.25
ALCON OPTI-FREE Pure Moist 90ml,MYR 13.99
Benourish Elderflora Black Elderberry Extract 15S + 2S,MYR 75.65
Benourish Elderimuno Black Elderberry Extract 20S + 2S,MYR 75.65
Benourish Eldervisio Black Elderberry Extract 20S + 2S,MYR 75.65
Guardian Crepe Elastic Bandage 7.5Cm,MYR 6.50
Guardian Crepeelastic Bandage 5Cm,MYR 4.90
SCOTT'S Vitamin C Pastilles Mango 50S For Kids,MYR 18.90
Strepsils Chesty Cough 8's,MYR 7.65
Durex Extra Safe Condom 12's,MYR 43.20
Durex Fetherlite Condom 12's,MYR 43.20
Flavettes Vitamin C Blackcurrant 250mg 60 Tablets,MYR 17.40
Appeton Multivitamin Lysine 60's,MYR 55.89
Appeton A-Z Kid's Vitamin C 30mg Orange 100's,MYR 29.88
BiO-LiFE Astaxanthin 6mg 30'S,MYR 84.50
SCOTT'S Vitamin C Pastilles Orange 15S For Kids,MYR 5.40
SCOTT'S Vitamin C Pastilles Peach 15S For Kids,MYR 5.40
Appeton Active-C 100mg Orange 60's,MYR 35.73
Guardian Ovulation Test 5&#039;s (Us),MYR 30.60
Appeton Multivitamin Lysine Syrup 120ml,MYR 53.77
Strepsils Max 16s,MYR 11.90
Hurix's Phlegm & Cough Herbs Capsule 12X6's,MYR 85.30
GoodMorning Vplus 18 Grains 1kg,MYR 69.90
CENTRUM Silver Multivitamin Multimineral Supplement 100SX2 Adults 50+,MYR 139.90
Kinohimitsu D'tox Tea Ginger 2gx60's,MYR 49.90
NH Detoxlim Natural Clenx Tea 3g x 120's,MYR 94.80
Hurix’s Constipation Tablet 12X12's,MYR 96.12
SCOTT'S Vitamin C Pastilles Mixed Berries 15S For Kids,MYR 5.40
Appeton A-Z Kid's Vitamin C Pastilles 20x5's,MYR 26.82
Guardian Adult Under Pad 75x75cm 10's,MYR 15.90
3M Nexcare Micropore Tape 1/2in x 5yd,MYR 3.42
Kangaroo Brand Eucalyptus Oil 56ml,MYR 14.31
3Legs Medicinal Powder 12s,MYR 5.40
Kordel's Kid's C 250mg + Bioflavonoids 30 Tablets,MYR 30.90
Beauxlim Lemon Mix Fibre 15's (Pack of 2),MYR 98.00
SCOTT'S Vitamin C Pastilles Mango 15S For Kids,MYR 5.40
Kinohimitsu J'pan Health Pad 10's + 10's,MYR 60.84
Dequadin Citrus Lozenges Tube 24's,MYR 9.18
Total Image Collagen Plus 60 x2 +10s,MYR 229.38
GoodMorning VGrains 1kg,MYR 59.00
Rohto Extra Cool Eye Drops 13ml,MYR 17.55
Lifebuoy Pink Clay Bodywash 850ml,MYR 9.54
Lifebuoy Sea Mineral Bodywash 850ml,MYR 9.54
Kinohimitsu Royal Black 1Kg,MYR 66.90
Lifebuoy Charcoal and Mint Body Wash Refill 850ml,MYR 9.54
Lifebuoy Matcha Green Tea & Aloe Vera Body Wash Refill 850ml,MYR 9.54
Diabetasol Chocolate Tin 360G,MYR 50.40
GoodMorning VGrains 30g x 12's,MYR 26.90
Goli Ashwagandha Gummies 60's,MYR 84.90
Counterpain Cool Gel 60g,MYR 15.12
Glucolin Blackcurrant 420g,MYR 17.50
Glucolin Orange 420g,MYR 17.50
Yue Hon Tong Icy Menthol Herbal Throat Drop 26.6G,MYR 3.40
Kinohimitsu Skinny Cocoa 20G X 14S,MYR 42.95
Guardian Calcium + Magnesium +Vitamin D Effervescent 10's,MYR 26.90
Guardian Vitamin C + Zinc Effervescent 10's X 3,MYR 29.92
Guardian Vitamin C + Zinc Effervescent 10's,MYR 15.50
Kordel's Calcium + Vitamin D3 PLUS Vitamin K2 Tablets 60s,MYR 78.90
Ceradan Wash 280ml,MYR 72.60
Oat Grain 35 500g,MYR 53.00
Guardian Vitamin C + Zinc Effervescent 30's X 3,MYR 70.87
Kinohimitsu Superfood Kids 1kg,MYR 69.90
SCOTT'S DHA Omega 3 Gummies Assorted Brain Support 60S For Kids,MYR 42.20
Biolife Bilberry & Eyebright Complex 30's X 3,MYR 175.20
Frontifie Kf94 Face Respirator 15's White,MYR 10.90
Frontifie Kf94 Face Respirator 15's Black,MYR 10.90
LPM 768 Neoprene Adjustable Ankle Support L,MYR 69.90
Organicule Pomegranate Powder 150G,MYR 55.00
LPM 768 Neoprene Adjustable Ankle Support M,MYR 69.90
LPM 752 Neoprene Wrist/Thumb Support,MYR 59.90
Guardian Pill Planner Portable Weekly White Case + Rainbow Pill Planner,MYR 22.90
Canesten Cream 20G Pack Of 2 Gwp Manicure Set,MYR 60.30
Guardian Pill Planner Daily Am/Pm Blue,MYR 6.90
Hurix'S Premium Berries Gummy (With Vitamin C) 14G,MYR 2.50
Teck Aun Tonic Pills 12's X 1G,MYR 23.00
Teck Aun Female Tonic Pills 12's X 1G,MYR 23.00
Ellgy Corns & Warts Treatment Solution Lotion 10ml,MYR 15.90
Ecolite Collagen Bird'S Nest Drink Rose Lychee 1's,MYR 4.90
Hurix'S Mos'Q King Balm With Aloe Vera 10Gm,MYR 16.90
Ecolite Collagen Bird'S Nest Drink Original 6's,MYR 30.90
Kino Skinny Milk Tea 20G X 14's,MYR 42.95
Heal Signature Chocolate Protein Shake 585G,MYR 94.90
Ecolite Waist Tonic With Tongkat Ali 12's,MYR 98.00
Ban Kah Chai Nutmeg Balm Plus 20gm,MYR 13.00
Ban Kah Chai Traditional Nutmeg Oil Plus 30ml,MYR 13.00
Hurix's Kids Cough Syrup With Ivy Leaf Extract Plus (Mixed Berries Flavour) 60ml,MYR 19.50
Afiat Pil Makjun Bawang Putih Plus 120's,MYR 32.00
Envora Mvs Plus Ginseng 60's,MYR 40.40
Envora Arthroplex 30's,MYR 56.00
Ban Kah Chai Aloe Plus Herbal Oil 15ml,MYR 10.00
Envora 5Probiotic Plus 30's,MYR 47.20
Petani Ma'Ajun Gamat Mengkudu Plus 90gm,MYR 11.73
Biolife Ginkgo 2000 100's X 3,MYR 193.90
Petani Ma'Ajun Tongkat Ali Plus 5G X 15's,MYR 19.38
Hurixs Hong Hei Capsule 6Sx24,MYR 192.24
Petani Ma'Ajun Gamat Mengkudu Plus 5G X 15's,MYR 14.28
Petani Minyak Telon Petani 60ml,MYR 15.00
Petani Minyak Gamat Serai 60ml,MYR 12.00
Petani Air Tonik Ginseng 320ml,MYR 16.80
Petani Bam Buah Pala Petani Plus 23G,MYR 8.80
Petani Salap Petani 23G,MYR 8.80
Petani Minyak Angin Kecil 30ml,MYR 9.00
Orang Kampung Minyak Serai Plus 60ml,MYR 14.50
Petani Minyak Kayu Putih 60ml,MYR 12.00
Orang Kampung Sebatian Gamat 60ml,MYR 10.80
Petani Minyak Bunga Merah 60ml,MYR 12.00
Petani Minyak Gamat Panas 60ml,MYR 12.00
Petani Minyak Serai Wangi 60ml,MYR 12.00
Youvit Multivitamin Gummies Kids 7S X 6,MYR 34.95
Petani Kapsul Rampisari 300mg X 120S,MYR 29.80
Petani Minyak Urat 60ml,MYR 12.00
Ensure Gold Vanilla 800g,MYR 108.90
Petani Bam Serai Petani Plus 23G,MYR 8.80
Kinohimitsu Bio-Booster 8G X 30's,MYR 99.00
Petani Bam Telon Petani Plus 23G,MYR 8.80
Petani Minyak Gamat Plus 60ml,MYR 4.00
Ensure Gold Wheat 800g,MYR 108.90
Petani Minyak Pati Gamat 20ml,MYR 3.50
Guardian Antibacterial Disinfectant Liquid 750ml,MYR 17.50
Kordel C Time 1000Mg 150Ss + 30s,MYR 132.90
Guardian Digital Thermometer,MYR 14.90
Care 50 G-Spot 3's,MYR 9.50
Care 66 Skin Tight 3's,MYR 9.50
Care 42 Dotted Pleasure 3's,MYR 9.50
Care 38 Ultimate Ribbed 12's,MYR 19.97
Care 48 Spotted Sensation 3's,MYR 7.50
Vitahealth Kids Blu-Lite Shield 60's,MYR 37.42
Swisse Ultiboost Coq10 150Mg 60S,MYR 94.40
Mederma Stretch Marks 50G,MYR 50.91
SCOTT'S Vitamin C Pastilles Blackcurrant 15S For Kids,MYR 5.40
Guardian Cracked Heel Cream 50G,MYR 14.90
Kordel EggShell Membrane+ Hya 60's,MYR 113.90
Mederma Pm Intensive Overnight 20G,MYR 67.91
Hurix's Coldaway Nasal Inhaler 2ml,MYR 8.91
One Oasis Lubricant 100ml,MYR 15.21
Nh Collaplus 50mlx10S,MYR 55.80
Nh Colla Plus Advance 50mlx10S,MYR 71.80
Total Image Collagen 32Nd Anniversary 32S,MYR 32.00
Envora Mvs Plus Ginseng 30's,MYR 35.50
Envora Arma-C Plus 30's,MYR 42.60
Waitemata Rewarewa Honey 500G,MYR 41.22
Koolfever Spray 100ml,MYR 21.60
Bb Lab Low Molecular Collagen Pantothenic Acid 2Gx30S,MYR 95.20
Bb Lab Low Molecular Collagen Biotin Plus 2Gx30S,MYR 95.20
Bb Lab The Collagen Powder S 2Gx30S,MYR 95.20
Bb Lab Low Molecular Collagen Goodnight Collagen 2Gx30S,MYR 95.20
Hansaplast Elastic 10's,MYR 2.16
Dettol Antiseptic Germicide 250ml,MYR 18.95
Vicks Vaporub 50g,MYR 14.20
Live-well OsteSAMIN plus Chondroitin 100s Pack-Of-2 + 100s + OsteMSM 150s,MYR 184.50
Himalaya Koflet 100ml,MYR 14.11
Durex Love Condom 12's,MYR 19.39
Durex Together Condoms 12's,MYR 19.39
Blackmores Fish Oil 1000mg 400's,MYR 205.80
CENTRUM Silver Multivitamin Multimineral Supplement 100S (Adults 50+),MYR 71.90
Hansaplast Elastic 20's,MYR 3.78
Live-Well OCCUsharp 30s Pack-of-3,MYR 120.00
Live-well OsteSAMIN plus Chondroitin 30s Pack-Of-2 + 30s + OsteMSM 45s,MYR 63.00
Kangaroo Brand Eucalyptus Oil 28ml,MYR 9.81
Kinohimitsu C-Up 50ml x 10's,MYR 71.90
Equal 300 Tablets,MYR 25.50
Vicks VapoRub 10g,MYR 5.50
Kordel's C Time 1000mg 30 Tablets,MYR 40.90
Candazole Lotion 10ml,MYR 13.41
Kordel's Calcium & Magnesium Plus 150S+60S,MYR 105.90
CENTRUM Multivitamin Multimineral Supplement 30S (Young Adults),MYR 28.90
SCOTT'S DHA Omega 3 Gummies Assorted Brain Support 15S For Kids,MYR 10.17
Vicks Baby Balsam 50g,MYR 13.90
3M Nexcare Micropore Tape 1in x 5yd,MYR 6.30
Blackmores Garlic Oil 250 Capsules,MYR 63.00
3Legs Cough Relief 120ml,MYR 7.90
Kordel's Magnesium Amino Acid Chelate 60's Pack Of 2,MYR 142.80
CALSOURCE Calcium 260mg + Vitamin C 1000mg 30S Effervescent Tablet,MYR 39.68
Berocca Effervescent Mango 15's,MYR 26.90
Seven Seas Cod Liver Oil Gold 100 Capsules,MYR 20.90
CENTRUM Multivitamin Multimineral Supplement 100S (Young Adults),MYR 69.90
Eye Mo Regular Eye Drop 15ml,MYR 8.10
Blackmores Evening Primrose Oil 100'S,MYR 85.40
Eye Mo Regular Eye Drop 7.5ml,MYR 5.35
Counterpain Cream 30g,MYR 9.45
Youvit Kids Multivitamin Gummies Assorted 7's,MYR 6.29
Blackmores Calcium +D3 120'S,MYR 72.10
PSLOVE KneeHeat Wrap for Knee Pain Relief and Support,MYR 10.54
Redoxon Double Action Chewable Tablets 30s,MYR 14.87
Nestle Nutren GlucoBalance Vanilla 800g,MYR 106.90
Heinz Apple Cider Vinegar 32oz,MYR 17.60
Pristin MOPL Fish Oil 650mg 30's,MYR 90.50
Neutrovis 4Ply Premium Face Mask 50's - Merlot,MYR 19.90
21St Century L-Lysine 600Mg 50's,MYR 26.40
Himaya Premium Hijab Medical Face Mask 50's Blush Rose (Concourse),MYR 25.90
Himaya Premium 4Ply Hijab Medical Face Mask 50's Sweet Rose Gold (Concourse),MYR 34.90
Pristin MOPL Fish Oil 650mg 90's+10's,MYR 243.10
Benourish Kids Gummies Flora Black Elderberry Extract 30's,MYR 25.41
Neutrovis 4Ply Premium Face Mask 50's -Sage Green,MYR 19.90
Neutrovis 4Ply Premium Face Mask 50's -Misty Blue,MYR 19.90
Neutrovis Kn95 Face Respirator 20's -Black Coal,MYR 14.90
Neutrovis 4Ply Premium Face Mask 50's -Feather Iris,MYR 19.90
Neutrovis 4Ply Premium Face Mask 50's -Steel Grey,MYR 19.90
21St Century Calcium Citrate Plus D3 120's,MYR 36.64
Ecolite Bird Nest With Rock Sugar 70ml X 6's,MYR 98.00
Ecolite Bird Nest With American Ginseng + White Fungus & Rock Sugar 70ml X 6's,MYR 68.00
Ceradan Gentle Cleanser 500ml,MYR 63.70
Ceradan Gentle Cleanser 280ml,MYR 42.90
Ceradan Diaper Cream 50g,MYR 51.20
Guardian Kids Vitamin C Gummies 15's,MYR 4.00
Heal Passionfruit Punch Protein Shake 450G,MYR 94.90
"SCOTT'S Multivitamin Gummies Mango Bone, Teeth & Eye 15S For Kids",MYR 11.34
Salonpas 40+20's,MYR 27.36
Kordel's Evening Primrose Oil 100's x 2,MYR 125.90
Himalaya Joint Wellness Shallaki 60's,MYR 49.04
Heal Vanilla Almond Vegan Protein Shake 525G,MYR 89.90
Heal Salted Chocolate Vegan Protein Shake 540G,MYR 89.90
Goli Bites Energy 30's,MYR 64.90
Biolife Celery Extract 300Mg 100S X 2,MYR 125.90
Blackmores Omega-3 Triple Strength Fish Oil 1500Mg 30's,MYR 55.30
Gaviscon Original Liquid Sachet 24x10ml,MYR 79.56
Youvit Adult Multivitamin Gummies Mix Berry 7's,MYR 6.29
Blackmores Echinacea Forte 3000 120s,MYR 122.50
Rohto Cool Eye Wash 150ml,MYR 27.81
Guardian Pregnancy Test Strip 1's,MYR 7.90
Tolak Angin Herbal Liquid (5's x 15ml),MYR 6.80
Brand's Essence of Chicken 42g x 12's,MYR 50.00
Rejuvasil Silicone Scar Gel 10ml,MYR 85.50
Guardian One Step Pregnancy Test 1's,MYR 15.90
Guardian Pregnancy Test Strip 2's,MYR 14.90
Youvit Dha Gummies Assorted Kids 7's,MYR 7.65
21St Centry Gtf Chromium 30's,MYR 15.04
Swisse Beauty Collagen Complex 30's,MYR 38.92
Blackmores Coq10 150mg 30'S,MYR 140.00
Vantelin Thumb Armor Lime M-L,MYR 45.60
Vantelin Thumb Armor Lime S-M,MYR 45.60
Vantelin Thumb Armor Blue M-L,MYR 45.60
Vantelin Thumb Armor Blue S-M,MYR 45.60
Seven Seas Pulse Triomega 120 capsules x 2,MYR 139.90
Kwan Loong Medicated Oil 57ml,MYR 14.31
BiO-LiFE Non Acidic Vitamin C & Bioflavonoids 90s x2,MYR 151.90
BiO-LIFE Glucosamine & Chondroitin Sulphate 30s,MYR 58.50
Bio-Life Vitamin D3 1000 60s,MYR 50.25
Kordel's Skin Clear 50s,MYR 49.90
Kordel's Gingko 2500Mg 120S+30S,MYR 139.90
Kinohimitsu Wellsure 850G,MYR 79.90
Eye Glo Regular 10ml Po2,MYR 10.80
Kinohimitsu Royal Green 1Kg,MYR 72.90
Neutrovis 4Ply Premium Face Mask 50's - Hunter Green,MYR 19.90
Neutrovis 4Ply Premium Face Mask 50's -Denim Blue,MYR 19.90
Neutrovis 4Ply Premium Face Mask 50's - Black,MYR 19.90
Total Image Collagen 60's,MYR 99.00
Neutrovis 3Ply Premium Face Mask 50's -Pink Baby,MYR 25.90
Blackmores Vitamin D3 30's,MYR 28.00
Koolfever Cooling Gel Adult Twin Pack 8's x 2,MYR 29.90
Difflamab Sore Throat Lozenges Orange 6's,MYR 3.92
Timo Cordyceps Syrup Plus 300ml,MYR 33.30
Difflamab Sore Throat Lozenges Lemon 6's,MYR 3.92
Rohto Cool Multi Purpose Solution 500ml,MYR 42.00
Difflamab Sore Throat Lozenges Blackcurrant 6's,MYR 3.92
Petani Teh Herba Rampisari 3Gx8's,MYR 10.00
Kinohimitsu Collagen Beauty Drink 50ml 12+ 4 Bottles,MYR 87.18
Difflamab Sore Throat Lozenges Honey Lemon 6's,MYR 3.92
Activex Anti-bacterial Wet Wipe Sensitive 15 Sheets X 3  ,MYR 7.00
Kinohimitsu J'pan Diamond 32 Bottles,MYR 249.00
One Silk Lubricant 100ml,MYR 17.01
Kinohimitsu J'pan Collagen Men 50ml 16 Bottles,MYR 135.09
Kinohimitsu Diamond Lychee Juice with Collagen 50ml x 16's,MYR 135.00
Bio-life Mega-C Plus Bioflavonoid 30's,MYR 39.90
Kordel Glutathione Lyco Plus 60s,MYR 175.90
Neutrovis 3Ply Premium Face Mask 50's -Blue Jay,MYR 25.90
Activex Anti-bacterial Wet Wipe Active 15 Sheets X 3,MYR 7.00
Brands Essence Of Chicken 70G X 10's (Assorted Packaging),MYR 53.80
Surya Apple Cider Vinegar With Natural Honey 450ml,MYR 23.00
Kinohimitsu Eyebright Lutein 2G X 30's,MYR 129.00
LPM 601 Elastic Knee Support M,MYR 34.90
Okamoto 003 Platinum 10s,MYR 30.51
LPM 763 Neoprene Wrist/Thumb Support M,MYR 91.90
LPM 726 Wrist Wrap Free Size,MYR 45.90
Blackmores Calcium +D3 60's,MYR 43.40
LPM 633 Elastic Wrist Wrap Free Size,MYR 39.90
LPM 657 Athletic Tape 3.8Cm X 13.7Cm,MYR 30.90
LPM 628 Kinesiology Tape Blue,MYR 69.90
LPM 763 Neoprene Wrist/Thumb Support L,MYR 91.90
Blackmores Omega-3 Triple Strength Fish Oil 1500Mg 60S,MYR 97.30
LPM 604 Elastic Ankle Support L,MYR 34.90
Dr.P Pants Xl 8S,MYR 20.90
LPM 601 Elastic Knee Support L,MYR 34.90
Dr.P Pants L 9S,MYR 20.90
Dr.P Pants Diaper M 10S,MYR 20.90
Dr.P Basic Diaper Xl 8S,MYR 17.90
Hurix'S Strawberry Flavour Gummy (With Vitamin C) 10G,MYR 1.60
Dr.P Basic Diaper L 8S,MYR 17.90
Dr.P Basic Diaper M 10S,MYR 17.90
LPM 604 Elastic Ankle Support M,MYR 34.90
Dr. Scholl'S Comfort & Energy Work Insoles Gel (Women) 2S,MYR 109.90
Dr. Scholl'S Comfort & Energy Work Insoles Gel (Men) 2S,MYR 109.90
Dr. Scholl'S Pain Relief Orthotics For Heel & Arch Pain (Women),MYR 107.91
Dr. Scholl'S Pain Relief Orthotics For Heel & Arch Pain (Men),MYR 107.91
LPM 788 Neoprene Knee Support Open Patella Free Size,MYR 76.90
Dr. Scholl'S Walk Longer Insoles (Women) 2S,MYR 107.91
Dr. Scholl'S Comfort Air-Pillo Insoles 2S,MYR 23.31
Dr. Scholl'S Ultra Exfoliating Foot Lotion 103Ml,MYR 44.91
Dr. Scholl'S Ultra Hydrating Foot Cream 99G,MYR 44.91
Envora Arma-C Plus 60's,MYR 38.08
Dr. Scholl'S Float-On-Air Foam Insoles Women 2S,MYR 80.91
Envora Maxivizion 30's,MYR 45.00
Dr. Scholl'S Float-On-Air Foam Insoles Men 2S,MYR 80.91
Envora Neuramin Ala Plus 30's,MYR 56.00
Dr. Scholl'S Odor-x Ultra Sweat-Absorbing Foot Powder 198G,MYR 35.91
Rejuvasil Silicone Scar Gel 15ml,MYR 112.50
Fora 6 Plus Multi-Functional Monitoring System,MYR 64.00
Lennox Collagen Jelly With Ceramide (Sakura) 10Gx14S,MYR 44.40
Lennox Fiber Jelly With Probiotics (Ume Plum) 10Gx14S,MYR 44.40
Vitahealth Vitamin E 400Iu 100S,MYR 78.00
Sakatonik Activ Vit C 500Mg Plus 30S,MYR 39.90
FreshKon Clear Multi-Purpose Solution 360ml Buy 2 Free 1,MYR 33.91
PSLOVE Neckheat Patch 2S,MYR 10.54
PSLOVE Backheat Patch 2S,MYR 10.54
CENTRUM Silver Multivitamin Multimineral Supplement 30S (Adults 50+),MYR 31.90
Cerumol Ear Drops 10ml,MYR 20.31
Durex Chocolate 12's,MYR 47.25
Callie Bw Kf94 Respiration White 20's,MYR 27.92
Afiat Hot Oil 55ml,MYR 13.50
Afiat Oil 50ml,MYR 11.50
Pristin Gold Omega-3 Fish Oil 1200Mg Softgel 90Sx2+30S,MYR 433.90
Bio-life Nat B Fizzy 10'S X 3,MYR 42.90
Surya Ready To Drink Guava Cider Vinegar With Natural Honey 150ml,MYR 6.90
Surya Ready To Drink Pomegranate Cider Vinegar With Natural Honey 150ml,MYR 6.90
Petani Ma'Ajun Petani 90G,MYR 11.73
Throzz Lozenges Blackcurrant 20X6S,MYR 90.00
Vitamode Tumecap 10S X 3,MYR 81.00
Lifemedix Ab-Biome 21 30S,MYR 152.10
Vitamode Hmb Powder 30S,MYR 102.00
3Legs Cooltopia Cooling Water Lime 320ml,MYR 2.79
Kinohimitsu Footox Foot Patch 4G X 6S,MYR 39.90
Fora 6 Total Cholesterol Strip 10S,MYR 70.00
"Fora 6 Blood Glucose, Hematocrit And Hemoglobin Test Strip 25S",MYR 46.50
3Legs Cooltopia Cooling Water (Guava) 320ml,MYR 2.79
Wondaleaf Flat Dressing 2M Roll,MYR 45.00
Wondaleaf Adhesive Pouch Size 16,MYR 9.90
Wondaleaf Adhesive Pouch Size 6,MYR 8.90
Wondaleaf Adhesive Pouch Size 1,MYR 8.90
Waitemata Manuka Honey Umf 10+ 500G,MYR 219.00
Biogreen O'Kid Dha Gold Organic Soya Milk Powder 800G,MYR 51.90
Biogreen O'Tigres Organic Black Bean Powder (No Added Cane Sugar) 650G,MYR 47.50
Biogreen Prebalance Crackers 16S X 24G,MYR 16.90
Biogreen Organic Sultana Raisins 240G,MYR 9.90
Etblisse Multigrain Tuber Sandwich Cracker 16 X 19G,MYR 16.90
Etblisse Quick Cook Organic Jumbo Oats 500G,MYR 10.96
Etblisse Organic Quick Oat Flakes 500G,MYR 8.90
Biotest Ovulation Midstream Test (3's),MYR 41.40
Etblisse Purple Star Crunch 220G,MYR 16.90
Natures Way Vitagummies Multivitamn Women 50S X 2,MYR 79.92
Organicule Black Cumin Seed Oil 100ml,MYR 70.00
3M Nexcare Sensitive Skin Adhesive Pad 3Inx4In 4S,MYR 43.10
Scotts Cod Liver Oil 100S X 2,MYR 41.14
Organicule Beetroot Powder 300G,MYR 65.00
Organicule Chaga Mushroom Powder 60G,MYR 65.00
Organicule Reishi Mushroom Powder 60G,MYR 65.00
Brand's Essence of Chicken 70g x 18's (Assorted Packaging),MYR 89.90
PSLOVE Menstruheat Patch 2S,MYR 10.54
Organicule Chlorella Powder 200G,MYR 80.00
PANAFLEX Pain Relief Patch For Muscle & Joint 2S,MYR 6.35
Toujours Advanced Fruits Extract Collagen Drink 20ml X 15s,MYR 86.25
Organicule Lion's Mane Powder 60G,MYR 65.00
Organicule Acai Berry Powder 100G,MYR 70.00
Swisse Ultiboost Odourless Fish Oil 1800mg 60S,MYR 128.00
Guardian Sterile Cotton Gauze Swab 10Cm 6's,MYR 3.90
Guardian Sterile Cotton Gauze Swab 7.5Cm 6's,MYR 2.90
Guardian Plastic Plasters 20's,MYR 2.20
Guardian Disinfectant Spray 100ml (New),MYR 9.90
Guardian Waterproof Assorted Plasters 30's,MYR 11.50
Guardian Waterproof Cartoon Plasters 12,MYR 6.20
Guardian Plastic Plasters 10's,MYR 1.30
Vicks Twin Inhaler 0.5 ml,MYR 14.20
"Henry Blooms Bio-Fermented Marine Collagen With Maqui, Acai, Goji And Blueberry Concentrate 500ml",MYR 88.00
Guardian Buzzaway Patch 10's,MYR 10.00
Durex Strawberry 3's,MYR 14.22
Dequadin E-Mmune Plus Drop 12's,MYR 10.71
Durex Chocolate 3's,MYR 14.22
Guardian Elastic Knee Support L,MYR 19.90
Guardian Polyethylene Gloves M 100's,MYR 7.50
Blackmores Pregnancy & Breast-Feeding Gold 60's,MYR 70.00
Henry Blooms Bio-Fermented Turmeric With Ginger And Black Pepper 500ml,MYR 88.00
Henry Blooms Bio-Fermented Cranberry With Dandelion Concentrate 500 ml,MYR 88.00
Guardian Polyethylene Gloves L 100's,MYR 7.50
Guardian Elastic Knee Support M,MYR 19.90
Henry Blooms Bio-Fermented Ashwagandha With Lemon Balm Concentrate 500ml,MYR 88.00
Henry Blooms Bio-Fermented Liquid Iron Concentrate 500 ml,MYR 88.00
Henry Blooms Bio-Fermented Olive Leaf Extract 500 ml,MYR 88.00
Organicule Ashwagandha Powder 100G,MYR 40.00
Guardian Plastic Assorted Plasters 50's,MYR 5.20
Organicule Cinnamon Powder 100G,MYR 25.00
Organicule Wheatgrass Powder 150G,MYR 45.00
Organicule Flaxseed Powder 300G,MYR 25.00
Tena Wet Wipes 40s,MYR 9.00
Himalaya Urinary Wellness Punarnava 60's,MYR 49.04
Biolife Kids Vitamin C + Colostrum Orange 60's,MYR 36.00
Live-Well Ostesamin Plus Chondroitin & Msm Powder 30'sx2+10's,MYR 232.50
Guardian Surgial Tape 12.5Mmx4.55M,MYR 1.90
Vitahealth Grape Seed 30's,MYR 28.50
Vitahealth Mega B + C Complex 30's,MYR 29.92
Champs Multivitamin Lysine + Prebiotic Effervescent Yoghurt 15's,MYR 29.90
Kinohimitsu Collagen Green Caviar 50g X 16's,MYR 135.00
Organicule Turmeric Powder 100G,MYR 20.00
Kordel's Slipvel Saffron Stigma Extract 14mg X 30's,MYR 60.50
Kordel Hairpluz 90's,MYR 65.90
Vitahealth Crowning Glory Extra 30's,MYR 52.42
Biogreen 5 Grain Plus Oatmilk Energy 850G,MYR 59.90
Kinohimitsu Eyebright Lutein 2G X 15S,MYR 59.90
Clearblue Ultra Early Pregnancy Test,MYR 35.91
Biogrow Immuno-3 60's,MYR 43.70
Organicule Maca Powder 250G,MYR 60.00
Organicule Spirulina Powder 200G,MYR 80.00
Organicule Baobab Powder 300G,MYR 65.00
Dequadin Pastille Himalayan Salt & Lemon 50g,MYR 9.27
Dettol Antiseptic Germicide 125ml,MYR 12.90
Brand's Lutein Essence 60ml x 6's,MYR 39.50
ALCON Tears Naturale Free 0.8ml 32s,MYR 53.90
Blackmores Multivitamins + Minerals 120's,MYR 116.20
Ecolite Bird Nest With Rock Sugar 70ml X 6S,MYR 98.00
Ecolite Bird Nest With American Ginseng + White Fungus + Rock Sugar 70ml X 6's,MYR 68.00
Blackmores Buffered C Sustained Release 120's,MYR 102.90
Guardian Vitamin B + C + Minerals Effervescent 15's X 3,MYR 44.90
BiO-LiFE Pycnosight 75mg 30s,MYR 140.25
Bai Hong Tang B & H Capsule 30S,MYR 81.50
Kucate Beau-Tea Rose & Chrysanthemum 20'S,MYR 69.00
Kucate Stress-Free Osmanthus & Longan 20'S,MYR 69.00
Kucate Happy Tummy Ginger & Chrysantemum 20'S,MYR 69.00
Kitsui Korean Whitie Plus 5G X 17S,MYR 36.70
Kitsui Vita C+ Shine 15G X 10's,MYR 20.40
Organicule Cacao Nibs 250G,MYR 40.00
Sleep-Well Forte 60's X 2 + Gwp,MYR 149.25
Stay-Well Active -Q 100Mg 30's X 2 + 30's,MYR 273.00
Stay-Well Active -Q 50Mg 30's X 2 + 30's,MYR 184.80
Live-Well Occusharp 30's,MYR 60.00
Vitamode Sleep Eazy 10's X 3,MYR 57.75
Vitamode Calcivit D3 Plus K2 10S X 6,MYR 72.00
Vitamode Mecobin Plus Ala 10S X 6,MYR 75.00
Vitamode Coq10 Ubiquinol 100Mg 30S,MYR 100.50
Pic Solution Aquabloc Waterproof Post-Op Plaster 10Cm X 6Cm 5S,MYR 17.91
Blackmores Bio C 120's,MYR 114.10
VITA CHARGE-UP GUSTOCALM 30S,MYR 54.90
Eye Mo Moist Eye Drop 7.5ml,MYR 7.22
Orgain Protein Powder - Plant Based Sweet Vanilla Bean 462G,MYR 161.91
Orgain Protein Powder - Plant Based Creamy Chocolate Fudge 462G,MYR 161.91
Gascovid Liquid 150ml,MYR 17.90
21'st Century Rapid Weight Loss Fat Burner Chocolate 250G,MYR 33.92
Dermatix Ultra Kids 9G,MYR 72.67
Salonpas Patch Large 2's X 2,MYR 10.44
